﻿CurrencyKey,CurrencyLabel,CurrencyName,CurrencyDescription,ETL_LoadDate,ETL_LoadID
1,1,USD,US Dollar,12/2/2018,44
2,2,AMD,Armenian Dram,12/2/2018,44
3,3,AUD,Australian Dollar,12/2/2018,44
4,4,THB,Thai Baht,12/2/2018,44
5,5,CAD,Canadian Dollar,12/2/2018,44
6,6,DKK,Danish Krone,12/2/2018,44
7,7,EUR,EURO,12/2/2018,44
8,8,HKD,Hong Kong Dollar,12/2/2018,44
9,9,INR,Indian Rupee,12/2/2018,44
10,10,ROL,Romanian Leu,12/2/2018,44
11,11,MTL,Maltese Lira,12/2/2018,44
12,12,TWD,Taiwan Dollar,12/2/2018,44
13,13,BTN,Bhutan Ngultrum,12/2/2018,44
14,14,PKR,Pakistan Rupee,12/2/2018,44
15,15,RUB,Russian Ruble,12/2/2018,44
16,16,SGD,Singapore Dollar,12/2/2018,44
17,17,SEK,Swedish Krona,12/2/2018,44
18,18,CHF,Swiss Franc,12/2/2018,44
19,19,SIT,Slovenian Tolar,12/2/2018,44
20,20,GBP,British Pound,12/2/2018,44
21,21,KRW,South Korean Won,12/2/2018,44
22,22,JPY,Japanese Yen,12/2/2018,44
23,23,CNY,Renminbi Yuan,12/2/2018,44
24,24,PLN,Polish Zloty,12/2/2018,44
25,25,IRR,Iranian Rial,12/2/2018,44
26,26,SYP,Syrian Pound,12/2/2018,44
27,27,TMM,Turkmenistan Manat,12/2/2018,44
28,28,KGS,Som,12/2/2018,44
